{"loss": 8.50987434387207, "accuracy": 0.6402877569198608}