{"loss": 50.33680725097656, "accuracy": 0.5395683646202087}