{"loss": 55.28913879394531, "accuracy": 0.48201438784599304}